"",Abgabe 27.01.2010 
"Bildband ""Contemporary Architectura in Eurasia"" ",""
2 Manschettenknöpfe u. Krawattenadel ,""
kl. Kästchen mit 5 Untersetzer ,""
2 chin. Schriftenrollen ,""
"chin. Seidenbild, gerahmt ",""
"Duschkopf ""Rainshower lcon"" - Fa. Grohe ",""
"Buch: ""Die Heilkraft der Pilze"" ",""
"Buch: ""Was tun, wenn der Crash kommt?"" ",""
mongolischer Wandbehang ,""
Armbanduhr (Russland) incl. Anstecknadel ,""
1 Teeservice aus China ,""
1 Teppich aus China ,""
1 Flugzeumodell ,""
1 Wandteller mit Ständer (Kasachstan) ,""
Postwertzeichenbuch 2008 ,""
"Buch: ""Ein anderes Leben - Per Olov Enquist"" ",""
"Buch: ""Aufbruch - Ulla Hahn"" ",""
"Buch: ""Brüder- Yu Hua"" ",""
"Buch: ""Schau heimwärts, Engel - Thomas Wolfe"" ",""
"Buch: ""Wegelagerer- Cirdt Schnibben"" ",""
"Buch: "" Das grössere Glück - Richard Powers"" ",""
"Buch: ""Das Glück in glücksfernen Zeiten"" ",""
"Buch: ""Die Eleganz des Igels- Muriel Barbery"" ",""
"Buch: ""Herr Nakano und die Frauen - H. Kawakami ",""
1 Teppich aus Libyen 200 cm x 300 cm ,""
1 Teppich aus Libyen 1 00 cm x 165 cm ,""
"2 x CD ""Musik auf Villa Hügel 2009"" ",""
ki.Bild unter Glas: Felsenhaus Jemen ,""
"2x Bildband: ""Subodh Gupta"" ",""
"CD-Box ""Eternal Melody"" ",""
"Bildband ""Unserer lebendiger Planet"" ",""
2 kl. Folklorepuppen ,""
Glasplatte ,""
3 Pakete Lesezeichen ,""
"2 x DVD ""Olympische Spiele 2008"" ",""
Chin. Schriftenrolle (Seidenbild} ,""
Schal ,""
2 Halstücher ,""
Box mit Miniatur-Bronzepferd ,""
Teller in grüner Samtbox ,""
kl. Teppich ,""
"Buch: ""Unterwegs zu einem ökolog. Wirtschafswunder"" - Maximilian Gege ",""
Münze - Bank von Rumänien ,""
"1 Kaffeebecher ""Rosenthal"" ",""
1 Silberschale in Schatulle ,""
"Mini Taschenlampe ""Mini Magalitie"" ",""
"CD-Box- ""Frohlocket ihr Völker auf Erden"" ",""
"Tischuhr: .. Things Remernbered - Canbury- Quartz"" ",""
1 Fl Becherocka Wodga incl. 2 kl. Gläser ,""
"1 FL ""Domaine des Fouques"" ",""
"1 FL ""Vecchia Cantina"" ",""
"1 Fl. ""Santa Helena"" - Rotwein ",""
"1 Fl. Champagna ""Moet & Chandon"" ",""
"2 Fl. Wein ""Ciossmann-Rupert-Mouelx"" ",""
"1 Fl. Rotwein ""Remelluri - Reserva 2005 Rioja"" ",""
2 Fl. Chateau de sales Pomerol - 2004 ,""
2 Fl. Dragon Seal - (Rot 2005- Weiß 2006) ,""
"1 Fl. ""Schloss Westerhaus - Riesling 1998"" ",""
"1 Fl. Weißwein ""Tokaji"" ",""
"1 FL. Sekt ""Juve y Camps"" ",""
"1 Fl. Rotwein ""Heimann - Szekszardi Kekfrankos"" ",""
"1 Fl. ""Patricius 2007 - Tokaji furmint"" ",""
"1 Fl. ""Sivi Pinot"" ",""
"2 Fl. Rotwein ""Bran Caia 2006"" ",""
"1 Fl. Rotwein ""Excellence de Bois Pertius"" ",""
"1 Fl. Sekt ""Vaux"" ",""
"2 Fl. Wein ""Tinta Barocca I Weißer Burgunder"" ",""
"2 Fl. Wein ""Chateau Bannet 205"" ",""
"1 Fl. ""Castillo Yogay"" Rotwein ",""
"1 Fl. Dom Perignon ""Vintage 2000"" ",""
"je 1 Fl. ""Chateau Morgues Du Gres""; ""Saint Cosme"" Weißwein ; ""Cote Terroir"" Rotwein ",""
"1 FL. Sekt ""HOBbiN"" ",""
"1 Fl ""Chivas Regal"" ",""
"1 Fl. Prosecco ""Sansibar"" ",""
"1 Fl. Likör ""Gorki List"" ",""
"1 Fl. Rotwein: ""Excellence - Bois de Pertuis"" ",""
"je 1 Fl. ""Vermentino (weißwein)"" u. ""Sangiovese (Rotwein)"" ",""
"je 1 Fl. Weißwein ""Edition August Horch""; ""Knebel""; ""Röttgen"" ",""
"3 Fl. Wein ""St. Antony"" ",""
"3 Fl. Wein ""Stuttgarter Kriegsberg"" ",""
"3 Fl. Badische Weine: (2 x Aide Gott- Rotwein, 1 x Oberkireher Riesling) ",""
"1 Fl. ""Rüdesheim Berg Rottland - Riesling 2008"" ",""
"3 Fl. ""Salwey- Eichberg R"" ",""
"2 Fl. ""La Grande Chapelle- Bordeaux"" ",""
"",Abgabe 22.09.2010 
Halstuch ,""
"chines. Bild Sun, moon ans stars (Oracle)"" ",""
Bild mit Holzrahmen mit 2 koreanischen Masken ,""
"Bildband: ""Frank 0 . Gehry- Pariser Platz 3"" ",""
Bild: gerahmt: Relief aus Steinen: Kosova ,""
Winterbild im Rahmen ,""
"""Mikimoto"" - Bilderrahmen ",""
2 dekorative chinesische Porzellanfiguren (Drachen) ,""
Fensterbild ,""
"kl. Wandteller- Motiv: ""St. Anrew's Chuzch"" ",""
Translator- 6 Languages (Taschenpocket) ,""
6 Trinkbecher aus Stein in bl. Samtbox (1 Becher defekt) ,""
Kristallschale mit Zinnstiel ,""
Tasse mit Unterteller ,""
"Bildband: ""Bulgarien - Weg der europ. Zivilation"" ",""
Mont Blanc Kugelschreiber ,""
"Krawatte; ""Eugenio Marinella"" ",""
Bosch PMB 300 L - Laser-Maßband ,""
"Buch: ""Otto Dix in Gera"" v. Lothar Toepel ",""
"Buch: ""Hundert Jahre Einsamkeit"" Garcia Märquez ",""
kunstgefertigten Mantel/Umhang ,""
"Wandbild mir Rahmen, verglast ",""
kl. bewegl. Puppe aus Holz ,""
kl. Kunstgewerbliche Hand(-gelenk)tasche ,""
"""Waterford"" Kristallschale ",""
"1 Packung Parfüm ""Armada Black"" ",""
4 Omani-Ringe in Schatulle ,""
kl. Vase aus Metall ,""
7 griechische Silbermünzen im ·Karton ,""
"Bildband ""Tokaj"" ",""
Ikone aus Holz ,""
"Bildband ""Polska Poland"" ",""
Bernsteinkette ,""
"Silbermünze ""Kasachstan"" ",""
"Bildrolle aus Stoff ""The Forbidden City"" ",""
Bildband/ -katalog: Traditionelle Bekleidung der Kasachen ,""
limitierte Espresso-Tasse- Marke Rosenthai ,""
kl. Box mit 4 Kupferbecher ,""
Porzellanteller in grüner Samtbox ,""
Schmuckschatulle mit Zündholzschachtelbox ,""
1 Krawatte I 1 Schaal ,""
"1 Plastik ""Öibrunnen"" massiv in Schatulle ",""
Ukrainische Kunstpuppe ,""
2 Paar Manschettenknöpfe (silber/gold) ,""
Swarowski-Kristall in Schatulle ,""
chines. Porzellanvase ,""
Zinnelief ,""
"Bildband: ""60 Jahre Leben in Mannheim"" ",""
"Buch: ""Rückkehr zur Avantgarde"" ",""
Bild mit 2 vergoldeten Steinböcken ,""
Schreibmappe ,""
Handtasche ,""
"Armbanduhr; Marke ""Hamilton"" ",""
Nutzfahrzeugmodell; Fa. Wirtgen ,""
"Damenarmbanduhr; Marke ""Cyma"" ",""
"Bildband ""Marsi"" ",""
kl. Tuch in Dose ,""
"kl. Glasskulptur , (Tittot) ",""
gerahmtes Foto Kommunikationssatelliten COMSATBw-1 und COMSATBw-2 ,""
Hängemaltel-sitz ,""
2 Bücher über Provinz Misiones I Argenlinien ,""
Buch: Islamische Republik/Weltkulturerbe ,""
"Bildband: ""KA3AXCT AH"" ",""
"Bildband: ""Grandes Do Maracanda"" ",""
"Bildband: ""Painting in Pakistan"" ",""
kl. Holzkästchen ,""
"Buch ""Jekkes und Templer"" ",""
Krawatte ,""
Ikone aus Holz ,""
Porzellanteller von Güral Perselen ,""
handgeknüpfter Teppich ,""
kl. Holzschachtel ohne Inhalt ,""
Halskette aus roten Kugeln ,""
Metalltischuhr Nobeltime ,""
Abzeich. mogolisch. Justuizm. I im Heiz-Glasrahmen ,""
2 Modelle einer Airbustür der Fa. Eurocopter ,""
Halstuch ,""
Geschenkset Schlüssel- und Brillenetui ,""
Schlüsselanhänger I Anslecker Expo 2010 China ,""
Seidenbild aus China ,""
Bilderrahmen mit Knochen ,""
"Buch: ""Contemporary Architecture in Eurasia ",""
vietn. Reliefbild (Kupfer) ,""
"kl. Schale (16cm) ""Georg Jensen Living"" ",""
"1 kl. Granitplatte ""Die Legende des Urals"" ",""
2 Kaschmir-Schals- Fa. Knauf Gips KG ,""
"Rotwein: "" Chateauneuf-du-pape - 2007 ",""
1 Fl. Reiswein ,""
"1 Fl . Rotwein ""Marco Porello"" ",""
1 Fl. Jim Be<:~n ,""
1 Fl. Kweichow Moutai ,""
"3 Fl Wein ""Huster- 2009"" ",""
1 Fl. Dostar Vodka Gold ,""
1 Fl. Chinggis Gold ,""
1 Fl. Cognac ,""
Keramikschwert (2-teilig) Inhalt: alkoholisches Getränk ,""
"",Abgabe 02.02.2011 
Elefant (Indien) aus Holz ,""
Schmuckteller aus Kazan ,""
"Bildband: ""100 Wenders of lndia"" ",""
energiesparende Steckerleiste ,""
Glasvase ,""
"Wandteller ""Azarbaycan"" ",""
"DVD ""Sibiul Hermannstadt"" ",""
Metallteller in bl. Samtbox ,""
kl. Gold Marble Vase mit Uhr ,""
Gebetsbuchgständer aus Holz ,""
Kristallvase schwarz ,""
Erinnerungsplakette Expo 2010 ,""
Fabelwesen aus Metall in brauner Schatulle ,""
weiße kl. Teetasse in rosa Box ,""
2 Porzellanbecher weiß in Holzschatulle ,""
2 Porzellantassen weiß in Holzschatulle ,""
Teetasse mit Löffel ,""
4 Plaketten wichtiger irakischen Symbole eingelassen in Holz 
5 Gedenkmünzen Expo 2010 in Schatulle 
Buch mit chines. Scherenschnitten im Schuber 
Buch mit Expo-Briefmarken 2010 im Schuber 
Buch mit russ. Briefmarken im Schuber 
"Bild, gerahmt; mit 2 unter Glas eingel. Figuren "
"Bildband: ""Goal"" WM 2006 "
"Bild: ""Brescia - Palazzo della Loggia"" "
1 Medaille mit arab. Inschrift 
1 Untersetzer 
Skulpturzweier Fabelwesen aus Sandglas 
"Wandteller (Plaste) ""Chin. Mauer"" "
kl. Wandteller aus Keramik 
Silbermünze aus Mexico 
"Teamjacke ""Münch-Racing-Team"" "
kl. Glasprisma Varazdin (Kroatien) 
1 Krawatte 
"Briefmarken ""Chinesische Literatur"" "
"1 CD ""Anna Netrebko & Rolando Villazon"" "
"1 CD ''The best of christmas in vienna"" "
1 Krawatte 
Jahreskalender 2008- Giesecke & Devrient- mit 12 Banknoten -limitierter Auflage: hier 8/2000 (s. Rückseite) 
"Kugelschreiber ""Caran d'Ache"" "
USB-Traveller-Set- Basler-Technologie 
"Buch: ""Früher war alles schöner"" "
"Büchlein: ""Weihnachtserinnerungen"" "
"2 x CD ""Musik auf Villa Hügel - 201 0"" "
Reisekulturtasche 
Füller/Kuli-Set- Fa. Gross 
"Buch: ""Meyer Werft Papenburg"" "
Kerze 
kl. Porzellanbecher (Königreich der Niederlande) 
Duschmatte 
"Bildband: ""Augenweiden"" "
"Bildband:""Kyemen 2008"" "
kl. Messingstab in roter Box 
Bücher 
"""Werte Wissen Wachstum"" "
"""Best Munds Meret"" "
"""Vision und Meinung"" "
"""The Prince oft Wales"" "
"""Designpreis Deutschland 2010"" "
"""Jahrbuch Bau und Raum 2009/1010"" "
"""Schweiz Erlebnis"" "
Wandbehang 
Schachspiel 
Wandteppich 
"Bildband ""Alles im Fluss - Lebenselement Wasser"" "
1 Fl. Chateau Gasrohrs 2007 
1 FL.Chateau Camensac 
1 Fl. Dostar Vodka Gold 
"2 Fl. Rotwein ""Moueix 2006"" "
1 Fl. Johnnie Walker- Black Label 
"1 Fl tun. Weißwein ""Ciipea - 200g"" "
"1 Fl. Rotwein: ""Casa Vrancea 1949""; 1 Fl. Weißwein: ""Grand Via"" "
"1 Fl. Rotwein ""Principaute d'orange"" "
"3 Fl. Rotwein ""Chateau des Laureis 2006"" "
1 Fl 90er russischer Wodga 
"2 Fl. ""Kuei Hua Chen Chiew"" "
1 Fl. Persia 2008 I 1 Fl. Schodener Herrenberg 2009 
"1 Fl. ""Sparking Vidal lcewine"" "
"1 Fl. Rotwein ""Merlot"" "
"1 Fl. Weißwein ""Ciipea Chardonnay"" "
"1 Fl. Schnaps ""BOAKA"" (Usbekistan) "
"1 Fl. ""Lion Gri Cabernet Sauvignon"" "
"1 Fl. Sekt ""Mirgin"" "
"1 Fl. Wodka ""Nemiroff' "
"1 Fl. Rotwein ""Sparkling Vidallcwewein"" in Holzschatulle "
1 Fl Likör ,""
"1 Fl. ""Echter Gebirgsklarer"" ",""
"5 Fl. div. Weine .. Peter Stolleis"" ",""
"",Abgabe 27.10.2011 
Porzellanteller on roter Samtbox ,""
Armkette (Gold 750) mit Ring (Gold 585) ,""
Box mit 2 Miniaturinstrumenten und CD ,""
kl. Lederbild in Ledertasche ,""
Kaffeeservice ,""
"gerahmtes Bild: ""Jakarte Container Terminal"" ",""
kl. Porzellanfigur ,""
1 Holzlöffel ,""
"1 x ""Lanuit De L'Homme""- Eau de Ieiiette ",""
"Bild aus Tajikistan in roter Samtkiste (ca. 1 x 0,70m) ",""
Glasschale schwarz/weiß ,""
"Buch: ""Denken sie gross"" ",""
"Bildband: ""Der Mond"" ",""
"Bildband:""Earthworks"" ",""
"Buch: ""Winnenden - Ein Amoklauf und seinen Folgen"" ",""
"Postkarten-Set ""Einzigartige Aussichten"" ",""
"Heftbuch: ""Sonderzug nach Pankow"" ",""
"DVD: ""Ein Jahrhundert im Flug"" ",""
"Buch: ""Rehabilitation und Nachsorge nach Schädelhirnverletzung"" ",""
"DVD: ""Leeraner Miniaturland"" ",""
chin. Schriftenrolle ,""
2 Drehkreisel ,""
silb. Plastik auf Sockel in Holzkiste ,""
Goldener Falke in Box ,""
"Bild: ""Carbon Art"" ",""
"3 x CD ""Musik auf Villa Hügel 2011"" ",""
2 goldene Reiter auf Glas-Sockel ,""
"CD ""Jus! You"" ",""
Bildband: 25 Jahre Kreuzfahrtschiffe der Meyer Werft ,""
"3 x Bildband: ""Aserbaidschan"" ",""
"Bildband: ""Patagonia"" ",""
"Bildband: ""Energie I Energy ",""
"Buch: ""Historisch-politische Mitteilungen"" ",""
"Buch: ""Arrival City"" ",""
"Buch: ""Wir-19 Leben in einem neuen Dt."" ",""
limitierte Heiz-/Kupferplatte von Aurubis ,""
Schlüsselring und Amulett ,""
Lichtwandler ,""
"DVD: ""Loriot - Pappa Ante Portas"" ",""
"CD ""Sommerkonzerte 2011"" ",""
"Set ""Parker Stift"" ",""
Boss-Krawatte ,""
"""RT - Manschettenknöpfe ",""
"2 Parfüm ""Friedrich"" ",""
Kugelschreiber-Tintenroller der Fa. Troika ,""
Tischset für Stifte aus Plastik ,""
kl. Chin. Bronzeskulptur ,""
"chin. Buisness-Set (incl. Mouse, Rollbild, Schreiber) ",""
braune Lederaktentasche ,""
2 Bildbücher: Syrien/Damascus ,""
chin. Sandbild ,""
"Buch: ""Die Party bei den Jacks"" ",""
chin. Glasskulptur ,""
"2 x underwear (woman, men) ",""
Holzleiste mit Elefantenköpfen ,""
CD - Qatar-Symphony ,""
kl. mongol. Schreibset ,""
digitaler Bilderrahmen ,""
Bild mit goldenem Adler ,""
Schreibmappe der Fa. Rohde &Schwarz ,""
Sammlung von Stoffbildern incl Briefmarken ,""
Bild: Segeljagd ,""
Box mit 4 chin. Schritt-Bildrollen ,""
kl. Musikinstrument in roter Samtbox ,""
Glasdose 
Wandtafel der Ukraine 
2 x Nussknacker 
"Buch: ""Die Erben der Enigma"" "
"Bildband: ""Delhi - lndia in one city"" "
Siebdruck der Künstlerin Nicola Steglieh 
"Buch: ""Data Unser"" "
Kriegsblindenjahrbuch 2012 
"Buch: ""Arrival City"" "
"Buch: ""Lobbying im neuen Europa"" "
Lithografie von Sebastian Speckmann 
"CD ""Dt. Musikinstrumentenfonds 2011 "
"""Piquardo"" Stiftset in Lederhülle "
Magnetspielzeug 
"Buch: ""Die gute Saat 2012"" "
goldene Buchlesezeichen 
gelbes Tuch 
Holzrelief 
Mixer 
Spannungsmesser 
Koffer 
Regenschirm 
2 Kinogutscheine 
kl. Samttuch 
kl. Hammer 
"Bildband: ""Eestimaa - Estonia - Estland"" "
PC-Maus mit Stick 
"kl. Bildband ""Kasachstan"" "
Holzfigur (ca. 50cm) 
"CD-Sammlung ""The Voices of Garabagh"" "
"DVD ""The Azerbaijani Carpets"" "
"Buchsammlung: History, Nature, Culture .... "
Bild von Juan Sebastian Barbera 
"Keramikbierkrug, weiß "
"CD ""Die 4 hinterberger Musikanten"" "
"DVD ""Chris de Burgh & Band - Footsteps"" "
"Nymphenburg Porzellan ""Bay. Löwe"" "
Glasvase - Sinirli Üretim 
Postkastensammlung - Aserbaidschan 
Goldenes Schiff auf Holzsockel 
Lucky Pack (Giückskärtchen u. Buch) 
Holzpuppe 
Kaschmir-Schal 
Bildband: Petrovis - Art Collection 
Bildband: Mongolia 
DVD: 70 Jahre Erdöl Mogolei 
1 Zinnbecher 
Kugelschreiber im Holzetui 
Kugelschreiber mit Schlüsselanhänger 
2 x Espresso-Set (KPM) 
chin. Stifthalter -drehbar- aus Jade 
"Stone-Collection, gerahmt, unter Glas "
"CD ""Qatar Symphony"" "
CD Musiksammlung aus Azarbaycan 
"1 Fl. Wein ""Pomerol 2009"" "
"1 Fl. Juliusspital ""Würzburger Stein"" "
"1 Fl. ""Riesling 2009 - Rheingau"" "
"1 Fl. ""Zweigelt Strasserial 2008"" "
"2 Fl. Wein: ""Castel Dealu Mare"" (weiß/rot) "
1 Fl. Wein Riesling 2009- Weingut Johannishof 
"1 Fl. Weißwein ""Domaine Santa Duc"" "
1 Fi. Rose Lion Gri Carbernet Sauvignon 
"1 Fl. Bordeaux-Wein ""French Tom"" "
"2 Weine aus Tunesien: ""Selian - Clipea"" "
2 Weine aus Algerien 
2 Fl. israelischen Wein 
2 Fl algerischen Wein 
"1 Fl Sekt ''Dr. von Bassermann-Jordan"" "
2 Fl. chin. Wein ,""
"2 Fl. ital. Wein ""Chianti 2009"" ",""
"2 Fl Wein ""Dalton 2009"" incl. Barset in Holzkasten ",""
1 Fl. Meyer-Näkel 2010 ,""
1 Fl. Chingggis Gold ,""
1 Fl. Soyombo Vodka ,""
"",Abgabe 14.03.2012 
Picknick-Koffer ,""
4 Tücher ,""
Bildband: 25 Jahre OHB ,""
2 Bildbände: Lürssen ,""
silbernes Teeglas-Set ,""
gerahmtes Bild: russische Stadt ,""
Relief hinter Glas: russ. Gebäude Ansichten ,""
Parker-Schreiber-Set ,""
Goldmünze; Saudi Arabien ,""
"Bildband: ""Marrakesh Style"" ",""
chin. Stoffbild; gerahmt ,""
kl. chin. Seidentuch ,""
"Bildband ""La Tunisie vue du ciel"" ",""
Wappen von Karaganda (Stadt in Kasastan) in Glas ,""
gerahmt. chin. Bild - Junge mit Flöte auf Flusspferd -,""
Wappen/ Briefmarken v. Chong Qing in Holzrahmen ,""
Porzellanteller mit blauen Blumenmuster (China) ,""
Tiffany & Co. Bilderrahmen ,""
Bild im Holzrahmen (China) ,""
Bild im Holzrahmen (China) in bl. Box ,""
Bronzeskulptur ,""
"Figur ""Little Ox"" ",""
Manschettenknöpfe I Krawattennadel ,""
kl. Seidentuch (China) ,""
Tischläufer (lndonesien) ,""
Fussball; aus Pakistan für Fr.-WM 2011 ,""
3 Seidentücher (Taiwan) ,""
Orchideen-Briefmarken-Buch ,""
"Stifftbecher, mit Wappen, drehbar ",""
"Bildband ""Athen"" ",""
Mappe mit gedruckten Stichen der Region Peloponnes ,""
Buch mit Fotografien von Athen ,""
"Broschüre: ""Grabrede des Perikles"" ",""
Reiseführer Athen ,""
"gerahmtes, versilbertes Wandrelief ",""
"Teekanne+ 2 Teebechern aus ""Hsiao Fang Pottery"" ",""
2 kl. blaue Metallbecher mit Blumenmuster ,""
silb. Miniaturnachbildung Barcaccia Brunnen ltal. ,""
silb. kl. Kerzenständer ,""
königliche Kopfbedeckung ,""
goldene Münze zur Wiedervereinigung Jemen ,""
goldene Skulptur mit Weltkugel (drehbar) ,""
Vase ,""
Holzbilderrahmen aus Indien ,""
Münze aus Jordanien im Holzetui ,""
kl. Goldener Turm ,""
"Bildband ""Tokaj"" ",""
"Bildband:""Mexico Antigua"" ",""
"Bildband: ""BP100- Die ersten hundert Jahre in Bildern"" ",""
"Bildband: ""Fiying together?"" ",""
"Bildband: ""High above Egypt"" ",""
"kl. Büste: ""King Tut"" ",""
"kl. Tischbild ""Oman Hermitage"" ",""
"Zinnteller, ""One day in Mongolia"" ",""
silb. Münze - Hansastadt Rosteck - HansesaH ,""
"Schneekugel ""Dresden"" ",""
"DVD: ""Schiffbau in Papenburg"" ",""
Fächer im Bildrahmen (China) ,""
"berahmtes Bild ""Stadthaus Bremen"" ",""
Reliefbild im Bilderrahmen ,""
"Holzbild ""Kamele"" ",""
Spazierstock/Axt im Bilderrahmen (Oman) ,""
"Großes Bild: ""Wäsche-Fabrik van Laak"" (Tunesien) ",""
Bild: Paris bei Nacht (Aufnahme von der ISS) ,""
"2 Bücher v. Dorado: ""Staatsgeheimnis 2009"" - ""Das Märchen vom gerechten und freien Staat"" ",""
blaue Krawatte ,""
KugelNase aus China ,""
2 CDs. Alles wird Gut I Mit 88 Tasten um die Weit ,""
chinesische Wandrolle ,""
Buch: Fairplay Franchising /Waltraud Martius ,""
kl. solarbetriebenes Windrad ,""
Herrenarmbanduhr mit Lederarmband ,""
Silberkette mit Anhänger ,""
"Buch: ""Uranbergbau im Kalten Krieg"" ",""
"DVD: ""Friesland"" ",""
Zinnbecher ,""
2 Drehkreisel ,""
"Buch: ""This is Pohland 2011"" ",""
Wandteller Mareeile Piacentini ,""
verzierte Silberschale im roten Samtkästchen ,""
"Buch: ""Maria Sklodowska-Curie - A life in photos"" ",""
Goldenes Segelschiff im schwarzen Kasten ,""
kl. Bonbondose im Samttuch ,""
"Damengeldbörse aus Leder ""Picard-Germany"" ",""
Glasvase - Bohemia MSKL ,""
Dachfirstziegel (Drachenform) ,""
"Weinpräsentkoffer ( 3Fiaschensorten, Verschlüsse, Korkenzieher, Messer) ",""
"Wein: ""Rotspon"" ",""
"",Abgabe 05.11.2012
Teppich ,""
"Bildband ""The Flight of Celestial Race Horses"" ",""
drehbarer Stifthalter {China) ,""
Eintrittskarte Staatl. Museen zu Berlin ,""
Nussknacker ,""
"Buch: ""Abenteuer Windkraft"" ",""
"Buch: ""Eine Vision wird Wirklichkeit"" ",""
"Bildband:"" Vignettes of Nepal"" ",""
Silber Münze: H. Schulze-Deliitzsch I W . Raiffeisen ,""
"Buch. ""Handel & Eandel - Dietrich Lemke"" ",""
kl. Schmuckdose im Samtuch ,""
Weinflaschenthermometer ,""
"Porzellanteller ""St. Petersburg 17 44"" ",""
Vase in güner Samtbox ,""
kl. goldener Teller in grüner Box ,""
silbernen Räuchertasse aus Oman ,""
"DVD: ""Mexiko- The Royal Tour"" ",""
"Bildband: ""Quintana Boa"" ",""
silberner Schmuckteller in blauer Box ,""
Ibis-Plastik auf Sockel ,""
Griechenland (gold. Medaille im Acrylblock) ,""
Pfau-Plastik auf Sockel ,""
silberner/goldener Pferdesattel auf Sockel ,""
"Bildband: ""Rhodes"" ",""
"Stoffbild ""Move Your Imagination"" ",""
2 mini-Handtücheraus Slowenien ,""
abstrakte Miniskulptur auf Sockel ,""
Mocca-Porzellan-Geschirr - 2 Tassen ,""
gerahmte Kachel ,""
Buch mit Goldschnitt über KH Hamidiye Etfal Hastanesi ,""
kl. Afrikanische Holzfigur ,""
kl. solarbetriebenes Windrad ,""
"Buch: ""Neues Zeitalter in Harmoniebindung"" ",""
Modell Airbus A 380 ,""
"gerahmtes Bild und Buch ""Ziani"" ",""
Teebox ,""
"Bildband: ""Patrimoine Mondial de L'unesco"" ",""
Bilderrahmen und Lesezeichen in Lederbox ,""
Kugelschreiber in Holzetui ,""
Wertmünze - Republik Weißrussland ,""
kl. silberne Schale in Box (MMTC) ,""
"Bild, gerahmt (25x25cm) ",""
rotes Polohemd I Schaal ,""
"chin. Geschenkbox mit Notizbuch, USB-Stick, PC-Maus, Stift ",""
Vase in Box ,""
Krawatte ,""
"Buch: ""Budva - The City of King Cadmus"" ",""
Glasblock mit 3D Gravur ,""
Picard Portemonnaie ,""
kl. silbernes Kännchen ,""
"Buch: ""Lee Kuan Yew Hard Thruths . "" ",""
"CD-Sammlung: ""JazzCD.no- Jazz from Norway 2012 ",""
"CD: ""Auksti Kalna - High Mountains"" ",""
Fächer ,""
Tierfigur- Pfau - in beschädigter Box ,""
Tierfigur - Elefant ,""
"Offset-Druck ""Edition 1"" ",""
"3 Kugelschreiber (Fa Ssi, Ballmain Paris) ",""
Berliner Buddy Bär (VAE) ,""
2 x FO' AH - Perfume ,""
kl. Miniteppiche (Wolle/Leder) mit DVD aus Mongolei ,""
Oberhemd (novelty) ,""
Federmappe aus Leder ,""
"Bildband: ""360 Jerusalem"" ",""
kl. Schmuckkästchen aus Israel ,""
"Ravensburger Spiel ""Deutschland reise"" ",""
"Buch: ""Die Bürgschaft"" ",""
"Jute-Präsent: Aktentasche, 6 Platzdeckchen, Tischläufer, Brotkorb, Hausschuhe ",""
Modell Bleiglasfenster Marlenkirche Frankfurt ,""
kl. japanisches Tuch ,""
Wandteller/Handfecher/Reiseführer Korea ,""
kl. Pferd aus Glas ,""
chin. Wandbild ,""
"Buch incl. Audio-CD: ""Kurfürstin L. Henriette .. . "" ",""
1 Schreibetui mit Kugelschreiber u. Rollerballpan ,""
China Tea ,""
Photo-Stand-Buch in Box ,""
Kaffeetasse von Tiffany & Co. ,""
kl. goldfarbene Vase ,""
Tischuhr ,""
Acrylplatte mit Abbild der chin. Mauer ,""
"Teeservice (Dose, 2 Tassen, 2 Untert., Kanne) ",""
Konferenzmappe aus Leder ,""
grüner Wandteller ,""
Dreieckige Skulptur (Abbildung v. Häusern) ,""
Bild in bl. Schachtel: vietnam. Dorf ,""
"Weiß-rotes Teeservice (Teller, Kanne, 5 Tassen) ",""
Weiß-goldenans Teeservice (2 Tassen/Unterteller) ,""
"Bild mit eingefasster Medaille, Vietnam ",""
Bild: Stephansdom in Wien ,""
2 Tücher ,""
hellblaue Krawatte mit Manschettenknöpfen ,""
silb. Teller mit polynesischem Releif ,""
"Bild: Seiden-Handstick mit Zertifikat u,. Standfüßen ",""
"Bildband: ""War and Peace"" ",""
3 x Box mit Sushi-Stäbchen I 5 Tücher ,""
kl. Statue: Frau im Festkleid ,""
"1 Fl. Champagner ""Moet & Chandon"" ",""
3 Fl. span. Rotwein - Estacada -Murillo - Arviza ,""
Fl. Halb-Bitte aus handverlesenen Kräutern ,""
"3 Fl. Rotwein ""Le clos du Caillou"" ",""
"1 Fl. Rotwein ""Montarucco"" ",""
"",Abgabe 25.02.2013 
Schmuckschatulle in grüner Samtbox ,""
kl. Fläschen mit chin. Motiv in Samtbox ,""
chin. Schriftenrolle in Samtbox ,""
"Briefmarken buch: ""Ligislative Affairs ... The People's of Cina ",""
Wandteller mit Ständer; Motiv: Chin. Mauer ,""
"Bildband ""Castile and Le6n"" "
kl. Seidentuch aus Mexico 
silberner Schmuckteller in blauer Samtbox 
bunte Dekaschale mit Tiermotiven in Box 
kl. Reliefbild im grünen Rahmen 
kl. Briefbeschwerer 
"2 kl. Bücher ""Constitucion Espanola/Estudio Preliminar"" "
"kl. Glasteller 'Virgin lslands"" "
Jap. Schriftrolle 
Bild: goldene Figuren vor rotem Hintergrund 
Briefbeschwerer: 2 Elefanten aus Messing 
T-Shirt 
Manschettenknöpfe 
Verzierte Schmuckschatulle in grüner Samtbox 
Terracotta female Figuren 
Holzschnitzerei; Elefanten in roter Samt box 
rote Glasschale 
Figur: kleiner blauer Elefant 
2 Hessenlöwen (weiß/rot) aus Porzellan 
"Seidenstickbild: ""Vom Dorf der Freundschaft"" "
"Seidenstickbild: Flußszene"" "
Bild: blauer Elefant 
Usbekischer Wandteller in brauner Box 
Wandteller 
Stoffbild im Rahmen 
"2 Fl. Parfüm ""FO'AH"" "
kl. Holzschnitzerei aus Armenien 
Oberhemd (Hugo Boss) 
"chin. Teeservices, 4teilig "
Metallteller mit eingelassenem Segelschiff 
2 weißrussische Wertmünzen 
kl. Holzplatte mit Pharao-Motiv mit Ständer 
"5 x CD ""Musik auf Villa Hügel - 2012"" "
"3 x CD Qatar Symphony ""The Beginning"" "
kl. Plastik aus Pakistan 
schweizer-Rösti-Set 
2 Pakete Ethiopian Goffee 
1 Krawatte 
"Ledergürtel, Ledergeldbörse, -tasche "
Miniskulptur aus Holz 
kleiner Hammer (Würth) 
2 Tischservietten mit Stickerei 
1 Holzkästchen 
"Box ""Hou Kui Tea"" "
12 Birth-animal Chinese Paper-cut 
Tischbild in Box: Motiv: chin. Flusslandschaft 
"Grill-Besteck, 3fach im Koffer "
"2 CD mit Buch: ""Gienn Gould"" "
Tischtuch 
"1 x ""Mont Blanc Legend"" "
"Bildband: ""Tintoretto"" "
"Kugelschreiber ""Louis Vuitton"" "
"CD ""Konzerthaus Orchester Berlin - lvan Fischer"" "
"DVD ""Die Drei von der Tankstelle"" "
1 Vergrößerungsglas /Briefbeschwerer 
Tischuhr v. Aurubis 
"Buch: ""Die Ökonomie von Gut und Böse"" - Thomas Sedlacek "
"Parfum. ""Dior Homme Sport"" "
"Bild im Rahmen: ""Reiter auf Pferd"" "
holzgeschnitzter Teller mit Ständer 
Porzellanvase: (zweiteilig) 
"div. Bücher: ""Liao Yiwu"", ""Stürmische Zeiten"", ' Bucuresti 2912"", ""Musical Tribute to the King"" "
"Buch."" ln Zeiten des abnehmenden Lichts"" "
Füllfederhalter- Waterman Paris 
Teller inkl. Becher und Kanne 
"div. Bücher: ""Craftsmanship in Morocco"", ""Mr Finney"", ""Glas aus dem Frenkenwald"", ""Wir - 19 Leben in einem Dt."", ""Capex "
"Excellence"" "
Polohemd - weiß 
2 Teppiche ,""
"1 Fl. ""Apapat"" Cognak ",""
Weinkiste: 2 Fl. franz. Rotwein: La Fleur Bibian I Chianti Classico ,""
"kl. Koffer mit 1x Sekt ""Gir6 Ribot"" u. 2 Fl. Wein ""Finca Ia Estacada/Badaceli"" ",""
Fl. Rotwein: Pago de Carraovejas ,""
"Fl. ""c cepe6pom"" Wodka ",""
"1 Fl. Rotwein. ""Casa Bascalia"" ",""
"2 Fl. Rotwein ""Yarden"" - ""Domaine Khadra"", 1 FL. Sekt ""La Perle du Sud"" ",""
"1 Fl. Wein ""Bürgerspital"" - Silvaner 2011 ",""
"1 Fl. Cognac ""Toshkent"" ",""
"2 Weine: ""Gigondas- Valbelle 2004"" - ""Princiar"" ",""
"2 Fl. chin. Wein ""Dynasty"" ",""
"Weinbox mit 2 Fl. ""Dragon Seal"", 2 Gläsern u. FI.-Öffner ",""
"1 Fl. tunesischen Rotwein ""Vieux Magon"" ",""
"",Abgabe 19.08.2013 
"Tee/Kaffee-Service (Kanne, 6 Tassen)- Blattgold ",""
vergoldete Hirschbock-Statue ,""
"Produkte der Fa Cellonil Salzenbrodt GmbH Berlin (Schuhcremes, Spray u. Schuhbürsten) ",""
Porzellan-Briefbeschwerer ,""
"Holzfigur, 30cm, mit Kerzenhalter ",""
kl. Porzellanfigur (Kuh) ,""
"Buch: ""Al Jazeera Decade 1996-2006"" ",""
"Bildband ""Jordanien - Bilder aus der Luft"" ",""
"kl. Porzellanfigur ""Bay. Löwe"" ",""
"Gips-Medaillon mit Aufschrift: ""Avgvst+Frioericvs di gra Imperator Romanorv Semp"" ",""
Teller aus Marmor mit Ständer in roter Box ,""
indonesisches Kochbuch ,""
chin. Schriftrolle ,""
Teebereiter aus Silber ,""
Tischschoner Vowagom ,""
"2 Bildbände: Romania ""Muntii Retezat!Delta Dunarii"" ",""
2-Euro-Gedenkmünzenset ,""
"CD ""Russische Bayerische Freundschaftshymne"" ",""
2 Bücher: Firmengeschichte Gabrüder Leonhardt Blema Kircheis ,""
Karaffe mit vier Gefäßen aus Metall (Kasachstan) ,""
Kochtopf mit Glasdeckel und zwei Griffen (Cristel) ,""
"Buch: ""Was sucht die Sardelle auf dem Schnitzel"" ",""
"3 Bildbände: "" Berner Oderland - Slawoniens Schlösser- Berg & Moor"" ",""
"Bildband: ""Kroatien"" ",""
"DVD ""Mytos Hongkong"" ",""
"Füllfederhalter ""Penkala"" ",""
"2 CDs ""Musik auf Villa Hügel 2012"" ",""
"CD ""Vordenker zum Nachhören"" ",""
"Buch. ""Wende-Jahre: Wohin steuert Deutschland?"" ",""
"Buch: ""Wertewandel mitgestalten"" ",""
"Buch: Peter-und-Paui-Fest"" ",""
"DVD ""Die Drei von der Tankstelle"" ",""
"Lichterengel aus Holz, 21 cm ",""
"Schmidt Puzzle 500 ""Engagement für Afrika"" ",""
"Buch: ""Endlich Energiewende - die Chronik eines Jahres VIII"" ",""
"Buch: ""liao Yiwu - Friedenspreis Dt. Buchh. 2012"" ",""
"kl. Silberfigur ""Arbeiter"" in kl. roter Box ",""
kl. Holzstandfuss mit Jesusabbild ,""
"Buch: ""Jesus Christ - Message to all Nations"" ",""
Manschettenknöpfe (Kroatien?) ,""
"Bildband. ""L' epopee illustree dem Ia Tunisie"" ",""
Ring mit Stein der Fa. Unique in schwarzer Box ,""
Sonnenuhr aus Glas ,""
"Porzellanfigur ""Academy Building"" Niederlande ",""
Musical Tribute to the King ,""
"1 Lesebrille + 2,5 ",""
Reclam-Heft: Johann Sebastian Bach - Passionen ,""
"Bildband: ""Tlemsen - City of Spring"" ",""
kl. silberner Korb ,""
Auto-Modell: Mercedes-Benz CLK-DTM 2000 ,""
"Bronze-Figur ""Handstand"" ",""
"Bild 50x40cm mit Goldrahmen: ""Wüstenstadt"" ",""
"Holzfigur, 21 cm, Lichtengel ",""
goldene Kanne mit Deckel mit Echtheitszertifikat in Holzbox ,""
Schale mit Deckel in gold/türkis mit Echtheitszertifikat in Holzbox ,""
silberne Kanne mit Becher im Holzrahmen ,""
VW-Käfer auf Marmorfuß ,""
Krawatte ,""
Dose mit russischem Motiv ,""
Glasbild mit Blumenmotiv und goldenem Rahmen ,""
Stoffuntersetzer ,""
nigerianische Gesichtsmaske ,""
Bilderrahmen Silber in Samtetui ,""
silberne Schale in blauer Samtbox ,""
"Figur, silber ""Araber"" in schwarzer Box ",""
"""Goldene Show mit Muschel"" in Samtbox ",""
2 x Schreibtischset (3teilig) ,""
kl. Kupferkästchen ,""
Briefbeschwerer aus Glas mit Tiermotiv (Irak) ,""
Herrenarmbanduhr ,""
Krawatte I Lesezeichen ,""
Krawatte /Tisch Iäufer ,""
"Besteckkasten, 6 !eilig; ",""
Modellflugzeug I Kompass ,""
Schill-Modell aus Glas - mit Gold abgesetzt! ,""
Glasskulptur aus Kuwait ,""
"Silberteller mit Relief ""Of Oman""; mit gold. Münze ",""
Münzsammlung (5-teilig); Mongolei ,""
"Buch in Holzbox: ""History of the Mongols"" ",""
Untersätzer aus Porzellan im Samtbox ,""
Teetopf (3 !eilig) aus China ,""
2 Krawatten ,""
chin. Tee in Dose ,""
chin Schreibtischset (5 !eilig) ,""
Besteckkasten (6teilig) ,""
"Holztruhe ""Petrykivka"" mit Bildband ",""
"Buch: ""lndustrial Realism"" ",""
Kiwi aus Glas ,""
Buch: Brazilian art in the museums of new York City ,""
Seidentuch ,""
Glasschale ,""
Elefant aus Porzellan mit Bemalung ,""
Buch: Cinese Paper-cut Jl XIANG HUA NIAO ,""
Vase im Familie-Rose-Stil mit Sirachpäonie-Dekor ,""
Armbanduhr- Poljot ,""
1 Schaal in Geschenkbox ,""
Bildband mit 2 DCD zu Aserbaidschan ,""
5er Set Münzen aus Kasachstan ,""
"gerahmtes Bild; Motiv:"" vietnam. Flusslandschar't ",""
USB Ladegerät/Stick ,""
kl Metallwappen auf rotem Hintergrund im Rahmen ,""
griechische Münze in blauer Samtbox ,""
Miniatur-Moschee ,""
5er Set Teelöffel/Kuchengabel ,""
Bildband: Initiative Hauptstadt Berlin e.V. ,""
Glasmodell Arche mit Metallfuß ,""
"Litauen: Geschichtsbuch, gerahmtes Bild, Tee ",""
gerahmtes Stoffbild: vietnam. Flusslandschaft ,""
Glasuntersetzer aus weißem Marmor ,""
gold-gerahmter Rahmen mit 5 eingel. Symbolen ,""
3 Fl. Wein: Glottertäler Eichberg ,""
"1 Fl. Campagne ""Moet & Chandon"" ",""
"3 Fl. Moselwein ""2011 Schwarzhofberger"" ",""
6 Fl. Wein ,""
"",Abgabe 26.11.2013 
Bildband: Holsteinische Schweiz ,""
schw. Schatulle mit Ornamenten ,""
braune Glasvase ,""
kl. Windrad-Modell ,""
kl. Schale aus Silber auf Holzpodest ,""
"Geldbörse und Gürtel aus Leder ""Guy Laroche"" ",""
"Bildband: ""Deftig Ollnborger Gröönkohi-Äten"" ",""
"Bildband: ""Berge aus dem All"" ",""
keramische Salzraspel ,""
"Tisch-Skulptur ""vergoldetes Ei"" ",""
"Buch: ""Mit dem Herzen sehen- C. Würth"" ",""
"Buch: """"Reinhold Würth"" ",""
Kugelschreiber mit Halter -Newbridge Silverware ,""
Krawatte ,""
"3 x Bildbband: ""Menagerie""- ""A.E.I.O.U.""- ""Die Madonna des Bürgermeisters J. Meyer ... "" ",""
"Armbanduhr ""Kieynod"" ",""
"CD ""Qatar Symphony"" ",""
"gerahmtes Bild ''Tierwappen - 2 vergoldete Pferde"" ",""
"gerahmtes Bild ""Google"" ",""
"Ledereise-Set: Passporthülle, Kofferanhänger ",""
Bilderrahmen ca. 20x30 ,""
"Bilderrahmen ""Nielsen"" 50 x 70 ",""
edelglanz Tablet ,""
türkisches Kaffeeset Ue 2 TassenfTeller + 1 Löffel) ,""
"2 Bildbände: Oman, Dubai ",""
Bildband: ltaly ,""
"4 Bildbände: Mongolia, Lublin, Aserbaidschan, Georgia ",""
"Geschichtsband: ""100 Jahre OEW"" ",""
"Buch: ""Der Münchner Hof' ",""
"Buch: ""150 Augenblicke aus 150 Jahre Junghans"" ",""
"Bildband: ""Landelin Ohnmacht"" ",""
"Bildband: ""60 bewegte Jahre"" ",""
"Buch: ""Boualem Sansal"" ",""
"Buch: ""Deutschlands Sicherheit"" ",""
"Buch: ""Paul Kirchhof- Deutschland im Schuldensog"" ",""
"Bildband: ""Der 15. Deutsche Bundestag"" ",""
"Bildband: ""Augenweiden ... . "" ",""
"Jahrbuch Bodenseekreis 2011: ""Leben am See"" ",""
"Buch: Valentall Fotopreis 2009 ""Energie I Energy"" ",""
Leselampe ,""
"Teeset ""Cay Seti""- Naumann Porcelain ",""
Maniküre Set aus China ,""
"2 x Bildband: ""Wiener Hofburg- Metamorphosen .... "" ",""
Spielkarussell ,""
"3 x Bildband: ""Tuttlingen"" ",""
kleiner Wandteppich (ca. 45x40cm) ,""
Tablettschale ,""
Schal (Tuch) in Box ,""
chin. Gemälde-Tuchrolle ,""
"",Abgabe 21.01.2014 
kl. Kupferschatulle ,""
"Bildband ""Athens ttica"" ",""
"Buch: ""Bonnblog- frisch reingekommen .... "" ",""
"Bildband: ""Gastanker der Zukunft"" ",""
Seidentuch ,""
jap. Schreibtischset ,""
"CD ""Poldi bigband - Musikschule Stadt Tuttlingen"" ",""
kl. Silbertablett mit 2 Gläsern ,""
"16 gebrauchte Sachbücher- Bereich Gesundheit/Politik, lt. Liste anbei ",""
1 Polohemd. 1 T -Shirt u .. Basecap im Stoffbeutel ,""
"russisch. Buch im Metalleinband ""Stadthistorien"" ",""
14 gebrauchte Sachbücher- Bereich Gesundheit II. Liste anbei ,""
Band mit Briefmarken aus Bulgarien ,""
"Glasteller ""Siwar Beji"" ",""
"Bildband ""Marocco"" ",""
kl. Schmuckkästchen aus Holz ,""
kl. Tischglocke ,""
kl. Dolch in grüner Samtbox ,""
"Berliner Buddy Bär, handbemalt, ca. 32 cm ",""
kl. Modell: Flugzeug llyushin u. Raumsonde EADS ,""
2xPorzellan-Medaille Völkerschlachtdenkmal Leipzig ,""
CD-Sammlung (50 CD) - Edition Klavier-Festival Ruhr; plus 6 weitere Musik-CDs ,""
2 Tischservietten mit Stickerei ,""
2 kl. Müesli Schalen mit Stoffservietten ,""
"CH ""'Joe Cocker - Fire it up""' "
"Buch: ""'Fiusskreuzfahrtschiffe für Viking River Cruises""' "
"Bildband: ""'Eckhard Gerber Baukunst""' "
"Kugelschreiber ""'Caran d ""Ache Geneve""' "
kl. Schiffsmodell unter Glas in Samtbox 
"Buch: . Ein Denkmal entsteht- Gorbatschows"" "
"Buch: ""'Wege zur Architektur""' "
"Bildband ""'Erbe.Kultur.Welt""' "
"Tischuhr ""'timr flow""' "
"chin. Stoffbild ""'Blumenvase""' gerahmt (ca. 35*35cm) "
chin. Teller in blauer Box 
silberner Teller 
chin. Vase 
"Bildband: ""'Mexico Iandscape and spirit""' "
"Bildband. ""'Universal Algeria""' "
"Bildband: ""'Globaler Wander - Erde aus dem All""' "
"Bildband: ""'Miradas""' "
"Bildband: ""'L'epopee illustree de Ia Tunisie""' "
"Buch: ""'Der Antrieb der Zukunft""' "
"Buch: ""'King Bhumibol Adulyadej""' "
"Bildband: ""'Moscow- History, Achitecture, Art""' "
"Buch: ""'Jenseits von Aden""' "
"Buchbox: ""'Brazil of all Sports/New world in the Tropics "
"Porzellanschale mit Deckel, blaues Karomuster "
"Gipsfigur ""'Hermann der Cherusker""' "
"Bierkrug mit Metalldeckel, limitierte Auflage Nr. 085 "
DVD-Box: Universum der Ozeane 
35x Fach-/Romanbücher; teils gebraucht- II. Liste anbei 
"13 Bücher, II. Liste anbei "
"5 Bücher, II. Liste anbei "
"Buch: ""'Bonnblog - frisch reingekommen ... (11)""' "
Lithografie (43x35cm) Kirche/Dom Würzburg 
17 Bücher - teilweise gebraucht! LI. Liste anbei 
19 Bücher - teilweise gebraucht! LI. Liste anbei 
"Windlicht ""'blomus""' "
Weihnachtsbaumspitze 
"DVD: ""'The New Bolshoi""' "
Halstuch 
kl. Schmuckkästchen 
3 Bildbände: Elbansichten/Stuttgart/Passau 
"13 Bücher, teilw. gebraucht! LI. Liste anbei "
Geschichtsbände: Hotel Merkur Nürnberg I Bürgerhospital Frankfurt 
"DVD: ""'Der Kampf ums Kanzleramt 1949-2009""' "
Becher Camera Objektiv ESF 28-135MM 
"Bildband: ""'New Stadiums By GMP""' "
"Bildband: ""'Riding out the Storms of Time""' "
"Bildband:""' La Embajada de Espana en Berlin""' "
"2 Bildbände: ""'Egypt / Imposante Reisen""' "
15 Bücher- teilw. gebraucht! LI. Liste anbei 
Bierkrug mit Metalldeckel - Aufdruck: Bay. Landtag 
"Terracotta-Vase, ca. 30cm "
"CD ""'Europäische Weihnachtschöre""' "
"Bildband: ""'Kanzlerbungalow""' "
"Buch: ""'Die neue Ess-Kiasse""' "
"2 Bildbände: ""'Kraichgau/Pakistan "
"5 Bücher, II. Liste anbei "
Holzkästchen ca. 30x15cm 
"Bildband ""'Travel in Georgia""' "
2 Bildbände: Thailand/Globaler Wandel 
CD: Gesang 58. Wettbewerb 2009 
"Notenbuch: Einband Leder ""'Fryderyk Chopin""' "
"Bildband: ""'Die Hahnentorburg""' "
"Bildband: ""'Paläcio das Laranjeiras""' "
11 Bücher- teilw. gebraucht! LI. Liste anbei 
"Buch ""Denken Sie Gross"" "
"kl. Fl. ""'Apawah""' "
"Cognac ""'Divin- Fondat 1898""' "
"Fl. Rotwein ""'Cabernet Sauvignon""' "
"Fl. Rotwein ""Reserve Du Couvent 2011"" ",""
"Fl. Rotwein ""EI Vinculo"" ",""
2 Fl. russisch. Wodka ,""
6 Fl. Blauer Spätburgunder 2002 ,""
2 Fl. Wein - 2005er Rhöndorfer Drachenfels ,""
1 x Toshkent Cognac ,""
"1 x Rum ""Oid Monk"" ",""
"1 x Port Wine, 10 Years ",""
1 Fl. Museal Sec; 1 Fl. Extra Virgin Olive Oil ,""
"3 Fl. Rotwein - Fonterutoli, Barola, Lacoste Borie -",""
"1 Fl. chin. Rotwein ""Greatwall"" ",""
15 Fl. Spirituosen - lt. Liste anbei ,""
"1 Fl. Rotwein ""Chateau Raslane"" ",""
"",Abgabe 16.09.2014 
"Porzellanschale weiß bemalt, in Lederetui ",""
"Buch. ""Professionelle Intelligenz- Gunter Dueck"" ",""
"CD ""Joe Cocker- Fire it up"" ",""
"Holzelefant aus Indien, ca. 25cm, ",""
Silberring mit Rubin??? in roter Box ,""
kl. Kupferteller ,""
"gerahmtes Stoff Bild ""Fiusslandschaft Myanmar"" ",""
kl. Wandteller aus Porzellan (Kasachstan) ,""
"CD ""Svetove dedicstco"" ",""
kl. Seidentuch aus Indien ,""
"Bildband "" Djibouti Passion sous-marine"" ",""
1 Paar Manschettenknöpfe ,""
je 2 Ledergeldbörsen und Notizbuch mit Kugelschreiber ,""
Seidentuch aus Aserbaidschan ,""
thailändisches Tage- und Kochbuch ,""
Tablett ,""
"Designer-KUgelschreiber ""nobile italia"" ",""
Trinkflasche aus Metall ,""
"Bild in blauer Samtbox ""Blaue Moschee lstanbul! ",""
Deutschland-Schal ,""
Buch: Roentgen - Möbelkunst der Extraklasse ,""
Bildband: Best Scenery and Sights in China ,""
kl. gerahmtes Bild: Twin Towers Kuala Lumpur ,""
kl. Taschenlampe mit Solartechnik in Stoffetui ,""
Holzkiste mit 4 versch. irakischen Medallions ,""
Bilderrahmen mit 2 silberfarbenen Anhängern ,""
"Buch: ""Oman 2012/2013 ",""
Bildnis- goldene Blume in Holzumrahmung (China) ,""
Briefbeschwerer( Eule) in blauer Samtkiste ,""
Kiste mit verschiedenen Teesorten (China) ,""
"2 Dosen mit Tee (Munnar Green, Assam Orthodox) ",""
"1 Krawatte, 1 Hemd und 2 Schlafanzüge ""van Laack"" ",""
1 Seidentuch ,""
Parfüm: Duftlaken mit künstlicher Blüte ,""
kl. Porzellanfigur auf Platte ,""
Weihrauchverbrenner ,""
kl. in Plastik eingelassenes Tierbildnis mit Ständer ,""
Krawatte (Garb} ,""
"Kicker-Tisch im Selbstbausatz, aus Holz/Pappe/Papier ",""
Samsung SDI - Battery Pack ,""
Dekateller aus China ,""
Spardose aus Porzellan ,""
"Bildband: ""Worms"" ",""
kl. Teller in blauer Samtbox ,""
"""Mont Blanc"" Kugelschreiber ",""
Pulsmessgerät v. Samsung ,""
kl. Holzteller ohne Tischständer ,""
"Box mit Tuch, Geldbörse, Notizblock ",""
"Buch ""Oman, Culture and Diplomacy"" ",""
2 Münzen Ue 1 Rial} Royal Opera Hause Museal ,""
"ein. Buch ""Huaibei Paper Cut"" mit Fächer ",""
kl. gewebtes Wandbild aus Usbekistan ,""
"Teeservice (2 Tassen mit Kanne) ""Momkid"" ",""
Stifthalter aus Holz; drehbar ,""
"6 kl. chin. Gesichtsmasken, im Bildrahmen und Glas ",""
"2 Bildbände ""3+1 Stadia for Brazil"" ",""
"CD ""Smetana My Country"" ",""
"Fotosammlung ""Praha - lvan Kral"" ",""
"Bildband ""Heavens of Hindukush"" ",""
"Gold Collection mit Certificate ""Karte Kasachstan"" ",""
Musikinstrument aus Myanmar: eingelassen im Bildrahmen unter Glas ,""
"2 Pulsmesser ""beurer"" ",""
1 Bild aus Metall im Holzrahmen (Motiv. Blumen) ,""
"blau/weißes Teeservice ""Minh Long I"" ",""
"CD: Don Friedmann ""salzau trio"" ",""
"Buch: ""Schleswig-Holstein Natürlich genießen"" ",""
kl. Bild mit Holzrahmen- Motiv: Toreingang ,""
kl. Chinesische Vase aus Porzellan ,""
kl. Porzellandose ,""
"ovale Vase, bemalt, aus Porzellan mit Holzfuß ",""
Set: Tintengefäß mit Feder aus Silber in Holzschatulle ,""
Cocktail Shaker der Fa. Zack ,""
"3 Armbanduhren, gleichartige Modelle der Fa. Faconnable in Leder I Geschenketuis ",""
2 Le Creuset Wasser Karaffen - 350 ml ,""
"Picard-Aktentasche, Modell Toscana ",""
"Bildband ""Leipzig"" ",""
"Bus-Modell der Fa. MAN, gelb, in Plexiglasbox ",""
Modell des Satelliten Galileo ,""
"Bild mit Karte, die an Bord von ATV, ISS und STS mitflog ",""
Schmuckfliese im Bilderrahmen in blauem Sack ,""
"Briefbeschwerer, gläsener Quader ",""
"kl. Tonfigur ""Catrina"" Mexico ",""
"kl. weißes Pferd aus Porzellan, ca. 13 cm ",""
"Holzball, Aufschrift ""FUCAPI 01563"" ",""
polnische Gedenkmünzen mit Zertifikat ,""
"Windlicht mit Teelicht, Durchmesser 6cm, aus Edelmetall/satiniertes Glas ",""
Flaschenkühler aus Marmor ,""
"Bildband: ""Zeitreise -·1200 Jahre Leben in Goslar"" ",""
"Bildband: ""Stets am Puls der Zeit"" ",""
Schiffsmodell in Flasche mit Standfuß aus Holz ,""
"Flugzeugmodell ""Sofia"" ",""
"Bildband: Globaler Wandel- Erde aus dem Weltall"" ",""
Wasserkaraffe ,""
weißer Holzbilderrahmen ca. 30x40cm ,""
1 Krawatte in blauer Box ,""
1 chin. Tuch ,""
Chrystal Artwork (Sydneys Opernhaus ,""
Rote Krawatte (Confederation of Indian lndustry) ,""
gelb-grünes Trikot der austr. Fußballmannschaft ,""
"2 CDs ""Kashmir Concert Ehsaas-e-Kashmir"" ",""
Kerzenhalter aus Glas (Orrefors) ,""
"Selbstbildnis thail. ""King Prajadhipok"", 4 Briefmarken im Rahmen unter Glas ",""
Schreibmappe aus Stoff ,""
Sammlung chin. Zeichnungen - Weifang Jangjiabu ,""
Porzellantasse (Minj Long) aus Vietnam ,""
kl. Wandteller mit Ständer aus Vietnam ,""
Modell eines MAN-Dieselmotors ,""
2 Krawatten-,""
1 Paar Manschettenknöpfe - schwarz/silber ,""
5 Euro Münze mit Echtzeitzertifikat ,""
"Buch: ""The Secret History of the Mongols"" ",""
Modell: Sattel mit Steigbügeln und Peitsche in Silber ,""
kl Skulptur - tittot ,""
chin. Teeservice- 2 Tassen und 1 Kännchen ,""
kl. Kompass ,""
Krawatte aus Indien ,""
CD: Lieber Freund! Liebe Freundin! ,""
CD: Nikolaj Znaider - Konzerthaus Berlin ,""
"Gussmodell: ""Hart Guss Sorge"" Pumpe??? ",""
"3 Gemälde (gerahmt) ""Kasachische Schweiz"" - ""Baku/Aserbaidschan"" - ""Vietnam: ","Stadtansicht"" "
"1 Fi. Weißwein ""Museal Sec de Kelibia"" ",""
"2 Fl. Weißwein ""Rüdesheimer berg Rottland"" ",""
"2 Fl. Rotwein ""Refosco"" ",""
"1 Fl. Olivenöl ""Huile D'. Olive Vierge Extra"" ",""
"1 Fl. Rotwein ""Cuvee Rhoenix - Villany"" ",""
1 Fl. Wein- Kloster Disibodenberg- Riesling 2012 ,""
"3 Fl. Weiswein: Weisser Burgunder 2012, Silvaner 2012, Johannishof 2012 ",""
"",Abgabe 26.11.2014 
gerahmtes Bild - lron Pielure aus China ,""
1 Kaschmirschal ,""
1 kl. Tuch ,""
1 Kupferteller - Erdenet ,""
1 Kupferschüssel ,""
"Vase, oval ",""
"Bildband ""Wolfsburg - Die Stadt "" ",""
kl. Schmuckkästchen aus Korea ,""
Plastik eines mongolischen Musikinstruments ,""
"Rehfigur aus Silber, Geweih dient als Kerzenständer ",""
"Blaskorn, silber ummantelt ",""
geschnitzte Holzfigur in roter Samtbox ,""
Figur Pferd in Silber (Quatar) ,""
Rettungsweste ,""
"Bildband ""Aserbaidschan"" ",""
"CD-Box ""Beethoven - Mariss Jansons"" ",""
"3 x CD ""Musik auf Villa Hügel, 2011,2012,2013 ",""
"CD ""The Best Audiophile Test Demo""- ""Funa"" ",""
"Buch: ""Connecting Leaders"" ",""
"chin. Buch in Buchbox: ""12 Birth-Animal"" ",""
kl. Chin. Vase in Box ,""
türkisches Teeservice in schwarzer Box ,""
Modell Gebetsteppich in Box ,""
"Modell ""Windturm"" aus Qatar ",""
"CD: ""South China Banquet Melodies"" ",""
2 kl. chin. Tonfiguren mit Zertifikat ,""
chin. Kupferbild Motiv Blumen ,""
Perlenkette ,""
3teiliger Holzrahmen mit beweglichen Motiven und eingelassener kleiner Uhr ,""
kl. Mongolenzelt aus Ton mit elektr. Teelicht ,""
chin. silbermetaii-Teller mit Ständer mit Motiven ,""
Stifte-Box aus Holz ,""
kl. Wandteller aus Metall ,""
"gerahmtes Bild ""2 Usbeken beim Tee oder Kaffee"" ",""
"Fotomappe: Bilder Samarkand, Buchara, Seidenstr. ",""
2 Stofftaschen mit Stickereien ,""
schw. Kunstleder -Aktentasche ,""
"Bildband ""Dunarea romäneasca"" ",""
kl. Lederetui ,""
"kl. Reise-Lesebuch ""Georgien"" ",""
"""Schlafanzug"" für LH-Passagiere ",""
kl. blauer Elefant in roter Samtbox ,""
"Bildband ""Jeddah - Museum under the sun"" ",""
"Bildband: ""Hegra"" ",""
"",Abgabe 09.03.2015 
"2teil. kl. Kaffeeservice - ""Momkid Craft Koera"" ",""
kl. Bild aus Leder im Rahmen ,""
weiße Vase mit Goldverzierungen in Box ,""
"kl. silberner Teller, Stadtansicht ""Camboda"" ",""
Bild mit Blumenmotiv im Holzrahmen ,""
"Bildband ""China - Through The Lens"" ",""
"eh in. Stamp Album ""Enchanting Heilongjiang"" ",""
"Bildband ""Oman - Then and Now"" ",""
Schmuckteller im roten Geschenkkoffer ,""
Schmuckschatulle in blauer Samtbox ,""
1 Tasse (Seltmann Weiden- Vip-Collection) ,""
Tischfigur aus Gold : Soldat auf Löwe mit Flügel ,""
Bild: Metallbaum unter Plexiglas eingelassen ,""
"Reiseführer: ""Nur in Köln"" ",""
2 Beschwerer aus geschliffenem Glas (Motiv KamelfTeekanne ,""
goldenes Segelschiff in schwarzer Box ,""
Trinkflasche aus Metall ,""
Kaffeebecher (-lasse) ,""
Buch: 2014 - Postwertzeichen BR Deutschland ,""
"Bildband: ""Meerwind Süd /Ost"" - Offshore Windpark ",""
"2 x Buch: ""Forschungsschiff Sonne- Meyer Werft"" ",""
fünffarbiger Digitaldruck: Motiv<.K. Kollwitz ,""
kl. Pokal aus Messing in roter Box ,""
"5 x CD ""Musik auf Villa Hügel - Festl. Konzert"" ",""
"CD ""K-Pop 30"" ",""
Schal (Fraas) ,""
kl. Messingbehälter in roter Box ,""
"Bildband: ""Das gute Essen: Im Gespräch"" ",""
Espresso-Tasse mit Unterteller (Rosenthal) ,""
"Buch: Elektrisiert - Valentine-Urbschat"" ",""
"Bildband ""Natur Stein Kultur Wein"" ",""
Krawatte von Louis Voitton ,""
"CD: ""Arcadio Volodos - Konzerthaus Orchester Berlin ",""
"Briefmarke (Banknote) ""Emperor Nickolas II""- im Bilderrahmen mit Zertifikat (Rückseite) ",""
Krawatte v. Cadini ,""
Krawatte aus Kasachstan ,""
"Buch ""Das Neue und seine Feinde"" ",""
"Chin. Bild im Rahmen ""Motiv Drachen"" ",""
Tischuhr- Würfelform - aus Marmor ,""
grünes Album mit chin. Briefmarken und Papierschnitten ,""
"3 Figuren, geschnitzt aus Bambus (Japan?!) ",""
Kugelschreiber in Holz-Etui ,""
gerahmtes Metallbild: Vue Generale de Bougie ,""
2 CDs: chines. Musik: Pipa I Guzheng ,""
"Schal , Kaschmir ""Aitai"" ",""
"Pullunder in rosa , Kaschmir ""Gobi"" ",""
kl. Minimusikinstrument (Geigenartig) in blauer Box ,""
Wandteller Ulan Bator mit Ständer ,""
gerahmtes Bild mit 3 kl. Tonmedaillen ,""
Stoffbild im Holzrahmen ,""
3 Holzfiguren (ca. 40cm) aus Tansania ,""
Seidentuch aus Indien ,""
"CD ""Musik Villa Hügel - Festl. Konzert"" ",""
"2 Bildbände ""From London to Astana"" Volume I u. II ",""
vergoldeter Schreibhalter mit 2 Kugelschreiber ,""
jap. Briefpapier mit Karten ,""
"2 Fl. Rotwein ""Petite Arvine""/Biauburgunder Pola"" ",""
"1 Fl. Weißwein ""Annenhof - Chardonnay"" ",""
"Weinset ""Schloss Wackerbarth"" Fl. Wein; Fl. Traubensaft und 2 Tassen ",""
1 Fl. Weißwein (Brogsitter- Nr. 1 - 2013 Ahr} ,""
"1 Fl. ""Grauer Burgunder"" ",""
"1 Fl. ""Williams Christ-Birne"" ",""
1 Fl. Weißwein- Johannishof 2013 ,""
1 Fl: Rotwein aus Algerien ,""
1 Fl. Rotwein 2012er Michelsberg-Spätburgunder ,""
1 Fl. Champagner Tarlant ,""
"1 Fl. Rotwein ""Cabernet Sauvignon 2005"" ",""
"1 Fl. Weißwein ""Juliusspital- Würzburger Stein 2013"" ",""
"2 FL. Rotwein ""Castello Fonterutoli I Lacoste-Borie"" ",""
"1 Fl. Rotwein ""Pinot Noir"" in Holzbox ",""
"1 Fl. Weißwein: ""Rüdesheim Berg Rottland"" 2013 ",""
"1 Fl. Champagner ""Jacquart"" ",""
"Weinpaket 1 Fl. Weißwein ""Weißburgunder""; 2 Fl. Rotwein: ""Fiorde Crasto, Primitive Appassito"" ",""
2 Fl. Rotwein von Claps ,""
"",Abgabe 14.10.2015
"Stoffbild, gerahmt; Motiv: vietnam. Flußlandschaft ",""
Solar Power Lampe ,""
2 Tonbilder-Stadtansicht Durresi/Aibanien ,""
2 Schlüsselanhänger ,""
Kugelschreiber und USB Stick ,""
Wandteller mit Ständer in blauer Box ,""
Packung Bünting-Tee in Nostalgiepackung ,""
"Umhängetasche ""exist"" ",""
Kompass ,""
Schale mit Porzellanblumen in grüner Box ,""
blaue Konferenzmappe ,""
Buch mit alten chin. Münzen ,""
"Buch: ""The SilkStamp Collection .. ... "" ",""
"Bayer Bild ""Gardan"" ",""
kl. Teekanne in grüner Box (Saudi Arabien) ,""
2 Bernstein-Kelche ,""
Bildband: Persian Gulf in the Historical Documents ,""
"Bildband ""Our Homeland Iran"" ",""
Wandteppich: Wappen Stadt Rehau ,""
bulgarische Münze ,""
Bierkrug: Motiv Spielplan Fußball WM ,""
Gebäude (Rathaus) in Glaswürfel eingelassen ,""
"Kaffee-ffee-Set (Wasserkocher, Kanne, Tablet, Schüssel, Karaffe aus Iran) unter Plexiglasbox ",""
2 Teppiche aus dem Iran ,""
"""Isfahan Virtual Reality Software""- 2 CD + Postkarten ",""
"2 CDs ""Isfahan Today"" ",""
blaue kl. Vase in Plexiglasbox ,""
blauer Wandteller in Box ,""
blaue gr. Vase ,""
Krawatte ,""
Tuch ,""
Kugelschreiber ,""
"Bildband ""Das war 2014 - Stern-Jahrbuch"" ",""
"Wollschal ""Possum Merino"" ",""
"Briefbeschwerer ""Energy Efficiency Center"" ",""
taiw. Trinkbecher aus Porzellan ,""
Buch: Paper-Cut ,""
drehbare Schmuckdose/Stifthalter ,""
"1 Kochbuch ""The Aserbaijani Kitchen"" ",""
"Bildband ""Cocina & Diplornacia"" ",""
kl. Schale aus Jamaika ,""
"kl. gerahmtes Bild, vietnam. Tempel ",""
"Briefmarkenbuch ""The Dream realized by Joint Efforts"" ",""
"",Abgabe 25.01.2016 
"DVD ""Festakt und Konzert"" - Eueasien-Freundschaftszug ",""
"Wollschal ""Mc Donald - Possum Merino"" ",""
"Bildband: ""Azerbaijan"" ",""
chin. Teller in Samtkoffer ,""
kl. Ledermappe für Visiten/ Kreditkarten ,""
rote längliche chin. Box (kein Inhalt) ,""
"CD ""Tabaluga- Es lebe die Freundschaft"" ",""
versch. Tücher ,""
2 musik. afrik. Rasseln ,""
"3 Packungen mit je 3 alte chines. Münzen, gerahmt u'nter Glas mit Zertificat ",""
"Klappbuchseite ""Paper Cut in China"" ",""
"Buch:"" Russland"" von Schober/Kolosowa ",""
Hase aus Jade in Box (defekt) ,""
"Bildband ""Aigeria Years of 2014-2015"" ",""
"2 x Bildband ""Respekt"" ",""
"2 x Offsetdruck ""25 Jahre Deutsche Einheit"" ",""
"Krawatte ""Art of M.C. Escher'' ",""
"CD ""Mare-Andre Dalbavie"" ",""
"DVD ""Family Clash!"" ",""
7 Bücher:- Die Fleischmafia- Die Nanolithografi- Am 12. Tag- The Great Escape- Das Geheimnis ist immer die Liebe- Geniale ,""
Begegnungen - Buddha sprang über die Mauer -,""
"2 x Bildband ""Meyer-Werft Papenburg"" ",""
"Bildband ""Master of Abstraction"" ",""
Bernsteinteller in blauer Box ,""
"Goldene Figur ""Pharaonica"" ",""
Brieföffner mit Lupe in Lederbox ,""
2 Bernsteintassen mit Unterteller und Löffel ,""
Teppich Iran ,""
Rauchermännchen ,""
Hut ,""
1 Olivenbaum aus Metall in roter Box ,""
Schlüsseletui aus Leder (Wittchen) ,""
"Glasschild ""Power 300 - infineon Dresden"" ",""
5 Regenschirme (grün) mit Holzgriff ,""
"Buch. ""Das blaue Kochbuch"" "
kl. Gemälde auf Holz (20 x15cm) 
"Bildband ""Krupp"" "
"Buch: ""Selbstverbrennung"" v. H. J. Schellnhuber "
"CD ""Eric Clapton - Forever Man"" Deluxe Edition "
"braune Aktentasche ""Picard 1928"" "
